order_id,order_date,customer_id,product_id
3124131480,1993-04-21 14:14:34.508104,1843972637,258
441853276,2017-04-15 12:48:26.295150,9126526147,569
8670745283,2011-06-14 14:15:52.360068,9126526147,258
1470757508,2023-08-23 02:07:08.421059,9126526147,417
1242279673,2020-09-01 19:11:24.137967,8492168281,253
4344398666,1981-08-06 07:31:59.295240,8492168281,569
2623694245,1978-01-15 12:24:44.321277,1843972637,490
7428843302,1986-11-10 20:08:50.350253,5405449189,251
5592744147,2007-08-08 07:05:07.309040,5405449189,258
684049036,2017-03-07 09:14:52.635846,1843972637,583
726879924,2012-09-11 08:02:25.072083,8501879597,355
1672354010,2012-04-05 03:31:57.045335,3655504925,258
7766173354,2023-09-10 00:27:05.043179,3655504925,569
4971415075,2007-09-07 03:24:45.764363,9126526147,74
3190337316,1989-07-03 01:56:30.388518,9218050889,74
6166320029,1999-05-18 23:11:52.177811,8501879597,251
671281528,1983-12-04 22:15:34.867055,6810613322,382
9413615828,1986-01-08 13:11:36.240349,5405449189,671
5250152283,1994-10-24 16:37:06.538669,4101126126,237
9710280283,2007-02-13 00:36:06.212498,2547170421,355
2036689358,1983-01-25 16:02:54.695984,3572987255,635
441778239,1991-07-12 05:59:45.003046,9899792393,311
7365310422,2023-12-21 22:44:02.132241,2262800350,382
8022563406,1985-03-05 17:54:11.975545,6810613322,318
5859428794,2007-07-31 12:43:10.925977,2547170421,258
6145152037,1980-06-29 07:15:37.939387,7993285098,583
4663631099,2021-01-02 03:27:12.593403,9899792393,156
6449819318,1976-11-15 03:39:22.285127,9126526147,490
161463418,1981-12-29 05:23:02.925378,7993285098,490
9226608759,1980-11-12 18:38:16.115809,8894604776,569
7360599420,2017-11-14 17:42:07.178696,4353464967,569
8926447165,2017-04-08 18:33:05.873576,8492168281,970
5075983608,1993-08-02 02:01:02.327293,4353464967,253
5551654000,2022-12-31 14:43:51.269690,7701702151,569
5527936517,2001-04-06 13:58:46.293213,8677326299,237
295998444,2020-04-13 13:53:49.865829,3572987255,156
9186723413,2002-02-19 07:35:52.094627,8501879597,382
9748468603,1982-10-31 19:08:22.780139,2496622582,142
4472473381,2012-09-29 00:09:56.524901,6810613322,850
1692290933,2011-05-02 00:42:40.374631,8501879597,382
7638080815,2016-07-11 10:27:02.098042,4992849204,74
9535119442,1970-08-24 18:16:03.020534,2262800350,258
1097623803,1979-05-18 12:38:53.291223,4353464967,193
6069636053,1981-09-07 19:55:03.764934,4031745808,218
6490069502,2010-06-30 04:20:54.451652,3655504925,201
5796881907,2022-11-06 14:55:19.584512,5338375205,193
8805762571,1994-01-04 05:51:23.927670,6501187735,350
959547625,1995-02-15 09:35:52.986132,3367298111,156
4007292980,1998-04-24 22:03:58.302032,3367298111,382
8886674733,1999-09-02 11:46:12.147399,4101126126,753
249807261,2006-10-30 18:12:13.287945,5405449189,388
6516675525,1984-08-06 17:22:20.779514,2547170421,201
9226711068,1995-12-11 13:14:53.017962,5944874957,156
60511508,1976-04-14 00:57:24.577983,2496622582,987
9211428274,2013-07-03 13:34:48.369407,4031745808,237
131785207,1974-08-11 19:55:03.736785,1497438022,809
3880767835,1976-02-22 05:28:14.435601,7807647230,139
8627380304,1984-03-20 13:16:52.638693,2266476251,371
7837526996,2023-06-05 23:52:06.089864,3355618,970
4462358680,2002-08-31 02:32:39.233351,9261200521,522
8122343745,1975-10-27 01:57:04.641062,2547170421,970
4180008563,2006-05-17 01:25:05.535920,9899792393,171
4721724915,1993-08-09 02:52:42.121319,6810613322,139
1998405319,1997-05-12 17:48:14.475520,7807647230,228
6709096226,1971-04-13 00:57:45.643401,6501187735,609
9615866190,1998-02-06 14:25:47.505885,8677326299,350
5708307341,1970-03-29 08:58:01.816298,2280546187,583
1571245325,2002-04-10 20:54:45.536374,7064964487,809
7427565941,1995-10-31 18:34:33.284680,4353464967,11
8003211517,1987-06-07 20:13:36.213906,9991748449,217
1393832526,1973-08-18 14:52:06.201565,7807647230,27
5902437623,1978-01-04 03:22:12.881060,9899792393,987
5334716079,1986-08-22 00:42:36.009934,3367298111,11
3050118236,2019-05-13 06:36:54.019593,8746232121,251
2854656064,1981-07-11 03:50:15.922485,5645393438,712
885911702,1971-09-08 02:44:38.709227,9842407740,740
9492286392,2017-03-29 01:47:18.167762,2000127162,970
6630114659,2007-07-16 08:54:55.192521,8675694625,228
29812441,2009-10-27 00:54:32.060811,8675694625,156
3862108772,1987-04-24 21:42:59.123702,8677326299,229
7780482622,2007-04-10 00:57:46.539878,7807647230,70
9584542463,1980-11-12 17:41:07.912450,7993285098,740
7697328939,2016-03-30 01:53:24.146024,4434163009,382
6454501362,1975-05-24 07:47:58.852767,4353464967,193
4045804998,2023-11-26 15:50:56.828327,5944874957,912
5732410626,1970-02-23 22:21:55.529205,2179732755,951
1924498152,2011-01-22 17:10:15.427961,9591225756,569
2888827832,2004-05-05 12:59:47.636756,2000127162,779
8019208232,2023-06-25 08:17:46.698238,2496622582,892
5069266069,1998-08-23 05:32:47.650845,1051083552,251
1365624991,2022-06-16 23:51:30.744305,8501879597,56
8239532689,2002-07-01 03:22:20.656874,2280546187,478
5006922865,2018-11-19 21:04:23.122076,2495525582,318
1557674622,2011-10-14 18:12:29.870753,9610383041,251
2559458638,1977-05-08 07:53:51.305989,8894604776,193
3011989979,2011-06-29 22:57:51.567562,8677326299,430
6238892025,2013-03-08 18:04:04.897275,5040576487,791
9734159926,2022-01-23 13:31:49.539598,4576652006,27
8373714221,2000-11-24 14:55:24.030311,5053959778,485
864664053,2014-06-02 15:23:23.608275,7130423405,350
1813943093,1974-03-11 06:42:53.123566,1045564617,663
4533114974,1986-04-18 16:52:52.429696,9743373208,663
4611195889,2003-09-16 06:04:07.213327,3191400216,80
8100442821,1994-07-19 08:45:46.465749,9842407740,70
1455623485,2018-11-09 02:30:06.566669,7987704941,35
3127521699,2012-10-25 18:30:04.974453,5645393438,979
8441529554,1973-12-10 07:40:09.284450,4273664388,124
7646753273,1991-07-16 16:56:25.422424,8677326299,701
9942676263,2014-06-24 20:11:54.202688,5880448424,510
7617621881,1979-03-24 07:00:38.200164,6566676207,116
5956187232,1980-03-20 14:00:14.287092,7360102960,635
9896029966,1979-05-19 05:10:21.798749,9899792393,979
5823294782,1992-11-14 23:06:30.166284,2262085007,80
4878584380,1973-04-21 00:11:59.281166,170493209,193
2246274303,2006-06-25 23:01:46.972074,2547170421,350
5701797075,1976-09-01 01:49:42.152485,226201966,207
1528590965,2018-05-14 18:06:12.125897,5405449189,641
1391554597,2003-11-01 08:54:25.788686,4321348710,336
1966157655,2014-10-06 03:04:33.032186,5489551099,19
253348626,2014-02-20 12:24:34.436859,3023188613,154
9405007918,1983-02-25 12:05:35.629123,8492168281,318
2016212560,1987-09-29 22:42:59.011307,3355618,199
7059206501,2018-11-28 00:06:46.884128,3191400216,740
5571226826,1978-11-13 20:45:30.408142,5385724764,144
7390197789,1980-02-29 09:58:35.628608,8894604776,590
5824055295,1991-07-25 20:37:18.502320,4925400787,701
4585581983,1985-11-13 04:52:56.867506,7993285098,147
4388242817,1998-09-16 13:27:14.426712,6873877962,251
1167253380,1977-09-07 18:07:41.884125,3572987255,309
8965106393,2011-04-27 19:23:48.871459,8092126601,917
2293719386,1974-12-23 05:09:57.778366,2262085007,717
7019662887,1988-06-24 03:58:50.252771,2630409789,819
519239295,2006-01-21 16:40:59.370692,1051083552,555
7535499561,1977-05-18 10:46:17.604005,8092126601,311
2609898161,1993-05-30 15:39:55.767921,9256484249,218
743939752,2004-10-14 15:27:51.622684,2262085007,237
6092508632,2011-12-26 16:49:34.326201,3739994399,241
7627637013,2023-12-25 11:54:09.608021,7681948841,117
8524303713,2003-07-05 06:12:09.401460,3191400216,145
6662008153,2024-02-25 06:31:51.347631,4751443265,430
6410158781,1976-01-03 17:35:40.090777,6316550512,11
6611003557,1993-03-23 00:28:48.146280,1497438022,640
5736431628,2009-02-27 20:45:08.962480,3575850039,837
137485153,1994-08-13 22:25:56.561428,7681948841,809
7781317655,2003-07-06 09:03:01.430854,4057103552,888
375444684,2007-01-05 17:49:43.938735,5645393438,766
4428916791,2020-03-09 05:05:32.177099,2630409789,737
7810157922,2024-11-30 12:42:20.532383,4625897341,217
300657594,2023-07-28 19:31:17.617589,7059741578,364
7687162803,2019-01-20 08:38:19.749024,9743373208,717
6701755477,2018-04-04 08:14:26.809488,8746232121,837
2904188059,2014-04-22 18:44:09.394767,9610383041,663
8507802090,2000-04-18 01:35:08.884625,9899792393,145
9862534505,1988-09-18 12:31:48.997336,4057103552,350
1423796587,2020-02-09 17:58:48.770451,2214277975,640
8834553734,1984-09-19 12:04:32.372893,9591225756,44
3281805392,2023-02-14 22:02:13.614357,7130423405,737
1491105947,2023-03-06 16:45:48.118609,9591225756,170
6757723610,2020-01-03 05:24:52.792801,9591225756,350
7565787313,2003-05-25 06:22:35.606697,6475337678,16
3834267702,1977-12-29 00:32:43.555694,1843972637,490
6230670727,2016-06-19 17:33:07.713306,8492168281,663
4620466470,1981-11-10 06:50:08.678144,1343584511,83
7122045740,1978-12-15 17:37:23.370764,3622587974,344
5357689452,1999-05-02 06:39:40.438735,723066242,784
7490607065,2024-04-20 12:55:38.242800,9321066164,258
6971248840,2020-03-04 18:06:07.170848,2262800350,410
459254323,2006-04-23 12:54:02.375582,7769366157,527
8766052519,2024-12-27 06:43:07.349792,9261200521,35
2314390434,2014-09-16 05:46:14.735196,226201966,885
4836650957,1999-04-19 01:09:32.646196,5944874957,201
5480886355,1981-03-24 22:24:20.885128,6355491879,737
960075279,2024-04-07 12:46:35.658434,9256484249,154
4653249335,1973-03-09 07:52:47.008561,8071529859,495
1765698359,2020-05-07 19:02:28.704650,2336766847,350
3682134313,1977-11-15 20:15:19.717358,4353464967,166
6730355978,1999-03-02 18:48:04.877344,433668956,201
7762304319,2001-05-20 05:41:20.519169,248986364,253
8906971919,1980-06-21 05:30:34.039734,2495525582,564
3854219680,1997-05-11 00:42:03.353583,8959896689,196
5583466889,1996-01-28 13:48:12.962560,6316550512,511
7023666727,2006-07-17 20:09:57.905299,4101126126,401
9181499481,1972-08-03 05:49:03.571129,7168196858,987
6917417136,2022-06-16 23:37:19.328364,2472567280,251
7255869869,2003-08-04 10:46:05.783219,2496622582,732
2973053037,2004-08-30 05:13:45.479366,7963496803,201
7093457698,2014-09-09 07:13:01.879380,3796682843,139
3703595509,2023-12-21 11:00:24.781076,6501187735,563
1119017108,1992-08-19 06:48:21.926388,2280546187,916
1926589530,2013-03-10 16:57:35.879325,3389728216,970
8449964406,1987-09-21 00:09:50.335863,5645393438,862
833292110,1987-01-21 04:02:33.404187,1231798446,389
660377048,2018-07-27 23:33:33.965387,4925400787,1
4521279859,1993-06-02 03:13:24.223631,4835061345,357
1335288567,2005-01-17 17:21:03.205884,7098503547,784
2947828849,1983-01-03 14:38:58.366390,6091041977,116
8494129628,2003-08-22 23:18:40.673229,8014306091,170
5178710915,1994-04-14 14:47:40.732946,9853658107,863
6238807980,2007-06-13 01:52:50.547241,1508752367,372
3929995492,1986-09-25 09:53:23.184653,5165111096,275
322261060,1973-09-24 19:33:18.526718,1231798446,237
4496141185,1985-01-24 02:06:31.441557,2496622582,912
5521415591,2016-07-21 23:02:47.938970,3622587974,217
4839786107,2015-02-17 14:32:11.622859,2280546187,350
4512827906,2020-04-30 08:10:40.606378,7260043894,740
3093473048,2017-12-09 12:07:41.589426,2495525582,729
7731117971,1977-12-11 20:22:07.289790,489705316,837
9329845254,2009-02-01 15:00:10.970045,7957083194,251
5891623516,2010-05-08 05:46:13.478706,8959896689,241
7306389100,1996-11-14 18:26:46.569617,1045564617,704
6958163937,2004-04-13 02:17:32.587368,5944874957,253
245356062,1973-07-25 22:20:12.387425,4539778855,401
8770780763,2019-02-24 02:08:15.630702,9743373208,850
9917920478,1978-08-01 21:39:27.669847,1508752367,344
372001144,1999-03-06 11:15:36.291694,4101126126,794
5586255850,2012-10-18 20:42:59.383140,6501187735,609
5004846270,2008-04-06 00:47:52.876104,4680944,837
932429153,1979-04-08 21:35:34.597969,5489551099,891
3992444286,1983-10-23 10:48:39.680510,9218050889,401
8429481636,2016-08-01 03:38:51.882336,7779433356,251
6486103731,2020-06-07 00:22:10.947810,8986547024,4
9962701653,2009-11-13 00:25:56.205478,5165111096,145
5740023954,1988-08-18 06:08:29.384978,1385973258,850
3646199709,2000-02-20 12:22:41.605439,4917004365,96
8214078992,2019-09-09 12:09:37.644629,1497438022,364
2738934854,2022-04-17 02:20:42.085915,4578944297,490
127167380,1984-01-24 02:04:32.377797,2876708350,784
29872669,2008-09-20 11:38:27.309451,4625897341,970
7437768863,1984-05-23 18:04:27.579243,4947462353,117
7983683328,2000-03-21 10:52:04.337153,2876708350,837
3513106746,1980-05-10 23:29:00.844712,2262085007,679
6059027869,1983-07-24 10:11:00.551054,6239698741,344
1765534969,2004-11-12 06:37:55.814525,6239698741,970
2712340793,1975-01-01 00:15:02.011990,9991748449,382
5737507625,1977-12-21 05:03:21.637185,7971070912,490
5053904956,1977-11-27 05:38:16.079063,6052767727,640
5484167618,2024-11-17 06:24:25.357686,2876708350,809
9483271588,1987-08-12 19:30:58.135985,8675694625,130
8940127312,1994-10-28 14:27:55.934370,5489551099,292
6328148628,2001-12-01 10:01:19.192613,5349295697,333
8797168371,2015-11-25 17:38:09.934362,8677326299,785
5342028274,1971-07-27 18:37:33.483818,3655504925,195
952478323,2005-08-29 12:54:50.571218,6239698741,999
7576094610,1997-02-02 23:15:28.332727,3527662228,766
665817839,1971-07-21 18:58:29.533027,1385973258,917
5477442957,1983-07-25 22:38:04.768521,7260043894,289
2559413750,1990-11-23 15:52:11.380870,6159447336,389
8010636135,1995-04-24 03:55:32.064332,5916197854,116
5610485674,2006-08-31 07:33:41.220615,7260043894,724
5648644793,1973-03-29 14:17:57.824551,4903503531,717
9350180026,1977-08-15 05:14:03.488850,8441424765,522
531239905,2024-07-18 12:33:15.937542,8894604776,681
1622526823,1988-07-03 03:09:48.941158,9605835085,587
819254983,1978-09-10 11:36:43.052139,9511386292,218
9511065432,2017-08-17 01:27:11.661896,4925400787,568
7698441894,2014-05-07 09:34:18.119121,1269667102,579
3430166831,1988-05-14 16:41:35.279908,7971070912,970
9050993192,2002-11-05 09:13:41.466634,7193317696,344
1067763014,1978-08-02 06:57:04.382932,7339370922,261
2157337744,1987-07-14 14:44:26.160485,7701702151,972
5855569626,2000-02-15 05:56:07.523268,489705316,355
539760089,2011-11-19 01:08:54.534308,9842407740,419
9515719919,1981-02-28 03:50:17.207108,1906643593,704
154115913,2014-03-06 07:11:42.715110,3151270671,27
9107416772,2007-10-15 08:48:53.297146,8894604776,408
6884773681,1974-10-22 23:05:36.810542,9842407740,233
2986983573,1997-10-14 13:08:07.010020,3759109722,987
925252895,1975-07-15 18:26:49.092679,1333435148,712
5132658246,1982-03-13 19:31:46.231980,1231998046,357
4999622377,2005-05-02 23:21:08.491019,8986547024,4
4584138614,2014-10-12 18:08:42.273891,3739994399,791
291816321,1987-12-31 13:30:03.567019,5991993238,785
9853205485,1978-10-30 10:29:50.934571,5368746888,863
3657850395,1978-11-17 08:19:49.494405,9364977719,62
1641177964,1980-10-30 18:49:16.150358,6316550512,704
3198933725,2013-10-30 20:28:09.978055,2280546187,478
9149847677,1973-09-23 13:08:23.845996,2690093283,357
7166782197,2009-11-03 18:05:44.915621,2630409789,84
8977928379,2009-01-22 19:07:50.317910,4947462353,336
878410762,1996-08-23 09:14:14.486393,6327615144,490
1359714442,2005-12-30 14:17:31.784698,2496622582,765
3413777269,1973-11-30 11:55:14.330068,4539778855,419
8121650331,2001-02-07 20:24:48.659767,4434163009,587
4471055797,2007-06-13 14:23:01.578124,7339370922,290
4663889517,1995-02-21 18:41:42.684825,3728339983,345
8611105525,2018-01-22 18:39:45.649250,4059839114,569
3997886169,1994-03-19 12:10:23.532246,27535651,96
9634532,1999-11-15 01:47:45.321993,1652395286,27
544336222,2006-01-11 16:25:33.855975,4925400787,193
4371942232,1993-09-27 06:51:43.842865,9511386292,62
7063907166,1986-03-20 04:41:43.461353,3527662228,241
7858868814,1972-09-19 08:32:28.068300,5385724764,766
9216528484,1972-08-21 03:57:23.154062,7963496803,388
3105684961,2002-06-18 12:59:03.587849,8894604776,371
8118246166,2002-03-07 23:20:08.787426,2000127162,909
3138268867,1999-07-28 17:14:54.886369,1776632439,417
8948645323,1980-04-16 23:07:06.943204,2280546187,45
9827952268,1992-02-17 04:02:44.213410,2932993568,794
6347442648,2020-09-22 15:36:29.736345,2336766847,311
960075939,2009-05-29 10:01:45.815924,4829687140,691
5345441660,1986-04-17 09:44:46.703221,9263758636,165
568594875,1990-08-23 19:23:58.881421,2262085007,344
1558583617,2016-07-19 21:10:48.968691,1549429613,217
4244569378,1971-03-28 01:55:30.067033,7701577929,157
7140995837,2010-12-28 16:42:58.393518,3870028725,618
5989499143,1974-08-27 18:49:28.153506,7360102960,800
1930297391,2016-08-22 12:41:04.389241,9218050889,71
1097047812,1997-06-26 16:02:29.424835,2214277975,729
1638798506,2005-02-21 19:21:07.215054,226201966,885
4198819540,2000-12-26 01:22:35.349216,4927793097,74
5254568282,1982-03-20 14:01:29.299499,5165111096,626
5799066407,2002-06-20 03:23:31.152634,433668956,416
3134019359,2002-08-03 00:47:24.183148,7003853070,53
2178528690,2022-10-04 21:33:31.159578,7179300239,563
2354818269,2012-04-26 11:56:00.519960,226201966,54
1332670514,1996-06-07 22:02:52.850543,3739994399,15
9484023220,2022-12-09 04:53:41.192160,3114730729,555
8641358820,1988-12-31 02:00:54.362371,2472567280,117
1071416210,1989-07-08 18:46:42.370877,3728339983,945
6784211151,1975-06-07 12:38:40.125525,4625897341,766
8151603781,1991-05-02 12:47:18.226532,1373654061,912
9006213177,1987-08-01 01:18:59.498555,599476120,583
404613695,1989-01-21 10:03:39.063438,1976824196,740
9006644293,2014-10-30 09:19:46.393657,5920344412,863
2733280740,1974-09-27 20:06:56.186394,1789508520,251
7710143400,1988-04-08 22:02:37.359299,4688402869,50
4438636339,1977-11-21 03:20:42.656447,3612912807,611
4593334897,1977-06-30 14:39:19.448602,9410014746,681
5442894526,2003-07-20 05:28:14.304705,489705316,539
469036193,2013-03-06 16:57:21.744281,5165111096,201
8377632261,1978-08-17 15:58:30.230330,1269667102,154
2614139552,1979-09-28 11:29:20.346736,769673554,485
8069478129,2018-01-11 19:03:52.156043,9511386292,166
2729622466,1986-11-28 03:50:31.165172,4059839114,740
5180061838,2002-11-24 03:37:00.983374,3750332096,905
2713896119,1981-05-27 07:39:00.951008,7193317696,624
502714828,1994-09-22 21:36:21.325908,2674106177,859
5891236628,2017-08-10 00:32:00.545913,4746491597,506
2891996157,1991-06-01 15:12:23.410176,609510291,194
8257614630,1970-06-10 01:01:14.221810,1376928776,769
8235005366,2022-12-04 19:20:56.915661,3863599512,146
7551017595,1996-02-16 08:48:35.347934,3191400216,863
972575028,1979-05-19 10:00:45.337879,1373654061,1
6437875265,2003-05-17 23:05:20.390329,4947462353,485
6965844378,2003-10-28 20:38:03.359614,3759109722,964
1161249821,2020-10-27 00:31:45.194936,4925400787,740
2062630329,2021-05-20 08:35:03.918830,1497438022,548
4295916780,2015-01-03 18:29:45.353514,7928544630,405
6225382140,2008-05-08 22:25:20.649143,5338375205,137
1456437042,2001-07-21 10:48:24.545530,3622587974,3
5667478934,2005-06-03 22:26:06.667351,950483101,430
2589218720,2017-02-03 14:23:54.997475,7515969115,947
6751955522,1999-10-23 05:24:53.988149,4499112701,819
3811440923,2024-11-01 14:46:40.391313,659322267,885
4338532241,1985-05-13 14:58:23.608900,8931722597,407
8174978586,2012-01-13 18:26:09.119680,1766497634,11
1162866395,1994-12-19 20:50:17.154549,7323591369,193
9858396754,2022-08-18 12:14:00.324474,5033274509,568
3235130292,2009-09-02 19:43:16.279547,676991283,80
1282956059,1986-09-28 01:13:00.811793,3514737617,837
8882883196,2009-06-06 08:35:09.104504,3670617608,737
5344586867,2021-03-04 04:52:44.155117,5244279602,357
4338839720,2003-05-05 14:16:03.654984,1508752367,137
6400458134,2012-05-16 01:29:57.592045,4680944,679
2245131273,2017-12-06 06:03:49.189849,4161675885,16
8179991069,1977-07-06 03:58:06.364389,1508752367,392
8160086860,2015-05-02 06:29:41.727781,6467903104,395
2022257962,2024-06-24 03:24:33.109703,3389728216,984
4753767031,2024-09-16 10:33:31.050967,4796175306,653
6235436076,2002-03-06 08:00:08.945500,7867812443,679
590400658,1985-11-12 13:45:06.578658,676991283,207
187227974,1982-08-25 16:09:26.205916,9991748449,274
7306638742,2016-04-11 00:27:26.151524,4688339398,116
8667368718,1982-02-03 10:10:58.386308,3389728216,683
6499936398,2009-07-21 22:47:07.910944,4504224549,62
4214191106,1974-11-19 03:28:28.581151,6676746895,658
6845370756,1995-02-15 03:19:00.254849,502438986,356
4117260660,2014-07-23 01:55:48.103401,9594832065,506
238371685,1980-08-29 10:04:37.010022,7130423405,408
6167095090,2011-10-20 03:46:00.543488,8030350052,251
1044844881,1993-11-21 17:20:46.839897,1269667102,753
5289163383,2010-05-08 23:31:03.716364,5908657327,595
6209415618,2000-03-14 03:42:49.605680,8675694625,563
3474277878,2001-01-12 06:34:07.523753,4094555327,147
6154045665,1970-09-26 06:47:26.323059,6331244378,641
1852446044,2006-10-26 13:12:23.512723,8030350052,857
5749565617,1972-04-08 04:26:37.880193,8717033921,29
5177911206,2013-01-03 02:07:21.298765,9365534766,644
3626653921,2004-10-14 09:12:16.323933,9594832065,594
4254090900,1997-06-17 19:35:26.733645,9126526147,594
6415194754,2001-05-04 10:21:01.396263,9007192233,178
7644214199,1996-07-17 20:30:40.273239,5189615998,618
1228373136,1999-05-01 08:49:01.951892,1640841976,371
8043629351,1978-03-12 08:58:29.109546,129093396,549
3325308844,1998-09-01 20:47:00.621850,7769366157,474
9951759371,1990-10-31 19:17:28.794542,3750332096,814
3743381861,2017-06-28 00:12:26.124789,5908657327,548
1216767251,2008-02-09 21:34:44.726264,8043103862,917
9523391018,2013-05-08 23:30:23.593404,8675694625,478
810834839,2024-09-16 19:28:38.537266,6810613322,885
3998802425,2024-02-23 07:46:16.197085,8014306091,243
2640564173,2009-05-19 00:40:38.815154,3572987255,137
3901430815,1985-03-02 18:32:52.495001,1586584701,231
4230434681,1998-07-03 03:02:32.920570,8092126601,195
5079474405,1990-02-27 18:11:33.985336,3575850039,568
2291397463,2024-10-26 15:42:49.278935,8655052742,970
158343684,2000-05-14 00:34:20.551679,4912162783,509
486383925,1996-04-12 18:46:11.560236,7130423405,680
6102180282,1989-07-16 23:58:11.697433,3514737617,417
8235056188,2006-06-12 00:56:55.468005,8959896689,510
3065156607,2005-05-16 10:31:54.476796,1633726699,207
8699231714,1978-03-14 23:12:47.537728,3114730729,979
5021539604,2005-08-14 00:12:48.639355,3863599512,405
3359291111,1978-11-14 01:40:25.249870,4266553331,280
8827175724,1983-11-17 19:18:05.868268,8564794771,45
744867251,2003-10-03 05:57:41.618336,7260468339,905
5690559025,2013-01-01 08:05:26.122974,8598950069,618
1428114346,1990-06-14 21:26:36.194304,9991748449,9
2442690227,1992-04-18 17:12:48.446628,7064964487,653
4593113910,2009-10-17 17:42:01.082731,1373654061,474
1026244751,2025-03-08 17:55:08.551186,8431678340,504
9632517637,1986-09-30 04:11:50.504334,8746232121,634
5900566879,1992-07-18 06:48:36.400111,244043219,401
7123712402,1989-02-23 17:18:43.547315,3775232558,626
6547016899,2005-05-24 02:35:13.241825,5119859251,136
8756507327,2001-07-15 08:56:09.856516,4917004365,293
1815261848,1980-06-19 21:03:11.906192,4930175018,157
9807527382,2008-12-03 10:27:15.057808,3114730729,402
2867646871,2001-03-15 09:50:22.156693,7957083194,83
2259411711,2018-12-12 11:14:17.333553,6698025687,165
5745346275,2002-12-07 13:52:25.451317,4434163009,490
5245948497,2022-07-02 14:27:34.255733,8860062073,355
8625350929,1983-11-08 08:37:41.405801,8661211988,531
3933129287,2007-08-22 01:34:11.722999,7408375288,800
68525637,1972-09-30 10:48:50.638391,4625897341,505
7621086239,2023-03-19 03:20:23.361414,3493473256,504
8164211570,1970-04-03 16:50:05.923827,8484952410,336
9659322184,1970-01-20 13:20:35.174941,5684326602,578
4065197483,2019-03-14 23:15:16.583132,8691460547,711
1561462304,1974-07-10 01:28:06.082223,6917517848,724
7427011358,1997-07-26 18:17:50.808880,624757405,163
9082369649,2003-02-16 11:13:13.328589,182440282,757
6229754667,1972-11-16 21:24:34.662732,1045564617,187
647504075,1972-07-16 04:22:29.289994,1105668586,251
9110971117,2006-06-23 06:59:54.873273,609510291,146
1400314539,1973-05-16 21:39:28.514459,8043103862,136
1354010012,1982-08-01 19:25:20.683668,4796175306,888
280815801,1990-09-28 22:48:31.524852,5844536316,917
9334478727,1996-01-22 00:24:45.211605,2630409789,717
9631229211,2000-11-21 00:01:55.956575,9085811051,671
9887509709,1991-11-24 20:28:45.790240,4893501282,741
8505135743,2009-12-15 15:27:59.024339,7179300239,471
9842206866,1983-03-02 14:38:04.208414,6875303498,891
400905716,1988-03-12 15:19:43.821394,3005995835,530
5524824653,1996-06-14 01:23:11.434902,3151270671,285
989850384,1985-04-23 21:49:17.231134,1766497634,737
8406803593,2003-05-22 11:05:59.972094,6356857361,80
8895514968,2019-06-13 16:34:40.726205,7260043894,790
7273354070,1995-08-24 23:56:10.018304,433668956,984
8467423352,1985-10-19 23:34:18.763244,1607207282,762
5691309963,1998-05-30 18:59:54.628944,1029796754,30
1122110224,2020-10-01 20:09:54.039289,8441424765,903
6266807187,2014-02-22 04:10:18.456283,1034028418,349
1937398287,2016-09-18 03:50:31.666507,1001005647,708
164708068,1989-03-12 15:49:18.958221,9259473957,137
875724022,1988-04-03 19:35:39.244076,2876708350,509
5923233912,2004-04-20 11:00:33.453686,9495423136,207
2644443781,1987-08-12 00:29:15.130503,7408375288,181
8999156207,2024-11-16 18:43:09.865051,1675634733,809
4939945598,2017-07-24 08:52:19.243925,7003853070,316
1396449475,1972-12-06 17:25:27.366204,9218050889,488
4139039540,1970-05-23 04:39:16.651965,8717033921,233
6335750659,2009-05-29 05:43:02.296070,965628108,144
9244896212,2012-10-25 04:58:19.804205,2659306570,905
6303212492,2022-11-10 03:56:56.699101,667266601,819
3396668463,1989-07-11 11:37:37.367523,3575850039,478
5658841596,1974-09-30 20:37:10.059747,1843972637,609
8103126916,1987-02-23 16:38:27.723523,5844536316,147
4374526345,1978-01-15 05:31:30.128397,1976824196,444
1832594830,2006-09-10 21:59:27.760786,5189615998,573
6029166367,1978-08-02 17:10:34.352574,2955280557,982
944485122,1979-02-26 17:51:27.807938,8575664343,788
3195626707,1970-08-15 12:53:47.997398,4539778855,758
5168253259,2005-09-11 00:24:31.097507,7660181109,850
7166580632,1990-12-24 08:29:24.893603,5040576487,377
387478827,2000-04-14 01:49:57.937114,7134785229,207
6167337659,1985-01-12 12:52:24.997158,3514737617,69
3464932526,1980-09-06 02:52:59.242933,7016762822,9
5006097297,2004-03-15 15:05:54.311874,2296889912,229
5876980382,2002-09-23 09:14:16.248886,1269667102,356
8652275194,2009-07-01 17:38:21.382004,5691810782,612
7742656117,2022-10-10 00:19:39.926965,3264962604,84
697011492,2024-12-18 05:26:19.159510,5040576487,46
2757548438,2010-03-26 05:15:33.931401,8705520069,945
3118464475,1976-08-21 23:05:27.341858,765977579,920
1515590386,1996-06-27 07:53:11.742866,8746232121,35
1315513093,1977-03-23 01:55:05.718722,9320884504,68
1786819108,1985-02-16 04:32:53.789057,3728339983,837
1313704664,2010-08-31 15:47:52.554049,4613939558,253
8353683278,1999-02-06 21:21:26.428503,8887610507,407
3578335397,2006-08-18 06:22:49.089360,2453809009,372
8825830284,1980-12-27 10:31:36.024417,7701577929,218
5659659403,2020-02-09 20:46:09.319591,4578944297,130
917179243,1981-07-21 09:58:09.742926,987654312,809
5901342023,1993-08-02 16:42:14.591011,8993462279,681
9999661496,1984-12-30 02:15:17.231212,9116629740,787
7033733633,1999-04-28 09:44:40.540967,659322267,392
1341832841,1977-12-14 19:54:39.562048,9218050889,328
2065335981,1972-02-21 14:27:16.853984,5368746888,530
1966333268,1981-01-20 13:47:11.812105,2172123220,710
7046044696,1984-09-26 04:36:38.025165,9511386292,571
5778661140,1984-06-20 14:39:24.071220,9410014746,490
8525315998,1984-05-31 16:24:19.817410,9200245113,137
8509371784,1998-09-07 15:02:45.471510,4273664388,221
9832381312,2004-09-14 10:19:28.344915,6810613322,293
2596259237,2007-05-02 12:50:55.758090,6845516757,49
5889404839,1977-12-07 02:20:31.783075,5053959778,887
6710528288,2025-03-11 16:28:16.315270,1103504756,344
3851740409,2022-03-22 14:56:39.031689,329554950,251
9018865001,2008-06-01 11:19:39.323408,1664795298,16
8904434781,1982-11-15 06:56:21.597154,307362051,187
5043665577,1981-05-19 23:05:53.457025,6745412724,255
8136940545,1995-01-07 11:14:50.708248,1789508520,350
6730865213,1975-04-15 17:17:42.459171,6736458235,165
2899686763,2012-11-25 06:27:42.838815,22884353,285
9954180615,1997-01-22 21:52:00.356797,2955280557,764
9104807859,2010-07-16 20:28:34.898060,8661211988,547
6247351902,1987-12-31 10:33:09.642993,526051878,379
8147533823,2011-07-08 09:12:10.586363,599476120,932
3130330507,2001-11-17 05:15:42.488391,7993285098,192
2378821557,1992-01-18 03:46:30.286780,7141227086,201
614063523,2024-11-21 19:00:07.541728,7074089182,790
1093894692,2013-09-14 03:18:37.654783,4835061345,918
6219108740,2024-07-05 20:48:09.056465,4434163009,410
2889142477,1986-05-01 10:59:09.182916,3863599512,141
46447857,1989-08-29 12:17:28.718799,5385724764,152
6954716845,2019-04-13 06:36:27.421689,7358423037,708
2566480974,1985-02-15 00:44:46.918835,7098503547,53
2771163328,2024-04-17 01:13:07.126216,5349295697,617
2863250392,2023-10-06 18:00:02.036878,7064964487,76
7106487050,1999-11-26 08:46:01.395727,2547170421,157
2605483715,1971-11-29 05:36:21.196507,6810613322,414
4394439983,2005-10-04 01:53:10.588830,9594832065,660
6238077485,1970-04-05 11:33:33.745828,5336020976,764
8039833940,2008-06-15 20:48:31.684364,4353464967,3
4256102655,1975-02-08 01:47:58.706935,3863599512,251
6984625912,2003-12-06 17:53:03.561677,7957083194,569
9925901292,2010-06-29 13:15:22.914062,9648080780,940
9858320203,2007-05-19 00:40:14.740648,7289111430,27
9970853718,2010-08-08 11:12:20.800424,7651193728,671
2735184703,2000-06-20 22:49:56.884059,1508752367,99
202751018,1995-01-02 17:35:23.706575,4031745808,559
5354261308,1992-02-24 02:25:58.004397,7793114790,819
7785293172,2017-06-25 13:38:06.500219,4534496124,685
2715708999,1979-12-16 11:14:41.730064,1045564617,717
3813696056,2000-06-14 23:34:01.275539,851315898,377
9339349614,2003-05-20 13:48:49.579939,8681209032,53
2728551922,2023-01-16 06:02:33.955230,6253434606,616
3533823300,2006-08-02 07:15:40.413952,3031895219,145
7423628795,2003-11-29 08:13:32.126166,3671646299,92
9428653474,2008-04-09 17:54:57.738830,5944874957,790
2930528677,2008-11-30 14:46:53.224588,1029796754,630
1581391133,1975-09-16 18:15:04.285554,1640841976,569
6743884568,2000-07-29 10:15:39.611283,2593243596,671
6826426668,1982-07-24 09:16:03.816919,1034028418,862
8410405783,2020-06-07 00:35:48.876468,8860062073,70
6043544805,1997-07-13 02:39:27.452763,1633726699,729
3613056928,2005-10-11 02:00:23.915390,655206670,148
932277948,1975-11-10 12:32:30.666452,7360102960,297
7637406965,1990-04-05 05:04:22.754889,1976824196,261
5710587527,1990-04-25 04:21:19.849295,970743734,538
7792633056,2022-08-26 14:53:25.606374,5991993238,850
2506201119,1993-05-24 10:07:31.508105,7260468339,548
1448891258,2015-02-17 16:14:59.873032,3388501840,341
9377165412,2015-10-04 08:42:35.416224,6052767727,13
258827816,1972-07-23 12:47:51.873891,8457508705,427
146424104,2020-12-09 05:50:33.947182,3951364538,19
5978889700,2018-09-29 10:15:47.269182,2533742512,740
4860081639,2012-02-19 20:24:22.233565,7660181109,741
3019266497,2017-03-24 14:44:41.300952,5937196432,626
3907813842,1996-02-04 05:49:33.913979,2496622582,81
9591156723,1990-03-23 11:58:31.049842,4803181254,181
1229626562,2017-01-18 11:46:58.079351,9431749526,13
2434083695,1988-07-09 15:52:26.117223,676991283,389
6548249287,2023-03-01 19:10:57.079562,7358423037,137
1702161304,2006-09-11 01:13:27.586085,9364977719,946
3310290966,2012-08-14 15:03:13.896412,8931722597,408
9729958493,2015-06-21 07:31:50.332067,1677187076,891
6177476356,1975-04-09 17:04:10.051054,182440282,137
4660943091,1999-01-07 01:32:04.266521,7963496803,438
1151964537,1995-07-05 22:18:43.981084,5788236263,13
1336036333,1975-10-27 14:21:40.608045,2983942385,465
5138397720,2012-05-13 14:38:10.843044,8332968786,711
6914290290,1991-08-31 05:50:59.606967,7769366157,49
3626325958,2012-05-30 03:16:45.832677,7098503547,341
2037674001,1987-10-24 11:40:41.354621,7427108101,778
9892573088,1971-05-19 01:16:48.400729,3622587974,634
6597674417,1989-11-27 18:18:11.452067,965628108,417
4341244165,1975-01-06 19:00:25.405042,9648080780,298
8718525059,2012-05-24 08:13:36.503113,8598950069,485
6511991525,2005-03-28 22:49:52.702590,4751443265,784
4592924488,1998-11-10 03:02:30.012522,3468301172,949
5649738084,1985-09-16 14:47:48.901664,5908657327,410
88525338,1985-08-23 01:06:04.418783,2214277975,124
658255349,1973-08-05 18:25:54.658122,7016762822,201
7559471176,2015-09-19 01:09:16.534490,3870134501,431
5679048090,1976-12-01 15:07:28.536655,4613939558,517
5867953970,2022-12-29 00:09:54.964658,8624874303,139
3149965819,1992-01-11 20:44:21.815262,3870028725,614
5693377309,1994-09-08 14:36:17.172135,7793114790,772
194821209,2000-03-22 17:57:14.665230,6753189928,244
3155427452,2013-06-25 15:52:33.962358,7134785229,200
7951487715,2010-12-24 19:49:54.517961,1147307007,795
442874155,1990-08-17 21:42:03.053948,6652230405,568
4676804157,2017-11-26 22:00:27.374674,8123163688,680
483326522,1975-07-12 23:56:57.461891,2296889912,588
3758721928,2005-03-31 17:50:09.724123,1731396000,480
8733943680,2020-12-27 04:27:43.460164,5098068393,500
190317537,1973-12-29 14:30:13.115597,6761545456,517
2807370663,2000-05-14 17:34:36.959737,667140112,302
5945841110,1978-04-30 11:36:40.331377,7240715168,328
1500563776,2003-09-29 14:18:25.783319,2725888429,787
6484995009,1975-03-12 01:43:56.418609,8129004809,624
6082755936,2000-09-06 07:47:37.310602,3755170104,549
3829304776,1999-05-26 13:47:37.799442,2593243596,712
2853305880,2012-02-05 12:23:55.840159,4466258500,654
2227444062,2006-07-12 10:27:49.262494,8887610507,679
1836271764,1977-01-28 14:23:56.830172,7987704941,888
3802060802,1997-02-15 21:04:44.224562,688136530,980
1093729917,2004-03-30 17:14:59.440726,6753189928,624
3242891889,2006-03-01 18:09:51.152492,7098503547,405
4353600796,1974-07-09 01:31:51.734589,3655504925,943
8663621103,2011-09-06 12:14:58.483211,9126526147,987
1334384987,2020-12-29 23:19:05.514476,3655504925,795
7283759014,2009-09-25 12:51:06.507951,8380125053,35
5289982605,1988-06-18 11:01:54.593284,4835061345,762
8115285454,1972-07-12 13:08:06.316853,2179732755,438
3688135225,1977-08-07 14:58:16.432108,3775232558,156
9752355892,2013-09-11 09:39:14.222661,2336766847,580
1897866427,2022-01-01 10:11:06.996970,2630409789,478
1486599013,2013-03-21 15:53:25.320294,2674106177,504
1511507903,2003-10-25 22:19:10.453036,25857899,64
2109494736,1985-03-28 01:27:50.099302,6873877962,365
5644050927,1977-08-03 23:55:34.899675,4912162783,19
70256564,2004-12-23 18:41:55.080187,8717033921,193
6996787253,1999-08-24 15:37:24.735819,8417561311,766
4063634993,2011-02-22 11:39:39.060438,8380125053,181
5510419264,1997-04-02 22:49:45.563504,3527662228,741
7932144356,1970-11-12 10:07:11.004002,7383908127,634
3286963006,1993-06-09 01:50:09.249744,2863521807,399
2673142216,1978-10-22 05:50:08.939754,2621252092,472
1606477354,1994-05-05 17:48:36.839334,8971875335,894
9495079481,2023-09-12 04:57:40.410359,9755643284,237
9902122769,1995-10-29 19:01:22.847699,4796175306,16
6040946300,1987-12-05 09:04:12.675116,2027315413,401
8935295162,2022-03-17 23:22:04.284720,6330156708,842
5551459652,2014-07-11 06:02:35.580770,5368746888,438
5404575287,2020-01-17 00:24:29.463257,8129004809,368
7856993776,1987-06-22 13:30:52.910307,8661211988,255
5434789560,1996-05-21 03:01:36.194536,5033274509,488
8505428337,2020-07-29 13:58:51.000581,7971070912,261
6557580545,2017-06-17 20:49:18.060017,7957083194,47
222239354,1985-07-06 20:19:51.352381,1194674684,677
6011904335,1980-10-04 14:22:35.180899,2518183041,342
698228025,2015-12-21 19:18:01.249326,7160305975,368
2971513704,1987-05-15 10:02:11.280633,9085811051,912
9759124520,2014-01-22 13:07:47.724750,5334292323,116
631135011,1989-07-16 09:00:20.955394,9991748449,351
1578932285,1983-11-17 23:03:16.061095,2590889633,856
7602381870,1972-06-13 23:47:43.236988,9259473957,922
8692287713,2003-05-15 01:39:57.428803,9594832065,951
601222421,1977-08-22 12:31:39.870087,8332968786,382
1334697887,1989-08-12 19:59:55.683052,5395316530,538
8501903949,1999-08-25 12:33:21.228258,5920344412,723
764314496,1981-12-01 04:51:21.834026,8501879597,547
236893628,1990-10-27 16:54:44.277366,9371951687,561
2379895675,1980-09-11 15:05:25.694574,8610710839,683
3945557194,1987-09-30 10:40:35.037935,9410014746,651
3973866782,2015-12-14 00:30:15.408492,9853658107,591
6267839597,1991-05-15 10:22:37.500045,4625897341,274
5084679548,1971-07-10 14:12:25.466600,9010784687,96
1804876957,1988-04-24 01:21:10.675219,2547170421,455
7537301959,2019-06-06 02:10:19.075243,1147307007,252
5034295467,2001-11-05 23:34:20.554311,9853658107,505
7183565797,2018-04-21 09:10:31.930400,5098068393,290
3578577470,2012-08-26 10:33:13.453990,769673554,326
8084179855,2023-01-24 16:01:07.878756,6705157801,389
3852022141,1979-08-28 18:28:37.132488,3114730729,53
3005584135,2000-02-09 09:30:53.017171,5944874957,964
633064248,2025-02-17 18:08:42.682061,4343892567,753
6277800180,2000-09-25 12:42:35.767688,2953703128,785
2283934096,1994-11-14 12:35:01.523663,8441424765,246
9767767652,2003-10-09 15:37:56.340957,7812653439,762
9062387132,2008-02-02 03:16:54.949419,756841668,500
4027532501,2007-10-05 16:49:05.185273,1814471786,794
4762631007,2012-06-07 08:35:51.210466,4254307324,996
552843151,1984-01-09 17:31:09.246132,7499731127,405
431279391,1973-05-27 17:44:05.596228,6810613322,70
1821383377,2000-01-14 01:40:13.315385,182440282,940
5586775,2003-12-29 06:16:52.029423,7408375288,71
1198745964,2004-02-12 06:34:30.562336,7516719200,823
5673925326,1973-11-10 14:08:59.872113,4963614026,389
1956362271,2002-11-04 18:58:04.533427,4031745808,618
8809833790,2018-04-12 02:49:27.382108,5189615998,133
2343698757,1988-12-12 17:49:10.045405,3910477921,611
8711788487,1992-11-15 18:24:32.605514,2630409789,28
9467713092,2019-03-15 12:38:14.576368,2547170421,551
2837211682,2013-04-07 03:43:27.944648,8536725160,389
4420616156,2022-08-18 08:25:52.236714,8642112934,215
861585063,2024-10-28 08:41:44.266044,5586870482,130
7922106670,1998-06-28 18:29:51.261360,5694509746,909
4713103766,2015-08-25 03:03:33.503333,9707551047,972
645484142,2018-10-03 10:42:25.277169,7146365018,311
6554696506,1995-02-05 09:03:41.995134,8043103862,491
3142565118,2020-12-08 05:10:03.031084,8887610507,876
7899111484,2001-12-28 17:06:56.031942,2876708350,970
3166610068,2023-03-25 10:46:44.904576,5788236263,164
1729751942,1989-04-07 15:28:48.388555,1194674684,357
750945578,2023-01-22 05:33:00.400877,1814471786,578
2867102893,2004-07-06 03:14:21.317860,1231998046,156
4768402130,1978-07-02 05:54:19.460761,3572701453,548
7977416856,1988-11-29 11:13:50.422733,7701577929,195
6672587673,2014-09-24 17:48:58.659422,8380125053,129
8824119464,1985-04-16 22:15:50.633452,8809159237,13
5424843718,1993-05-12 12:43:18.027968,8444100321,157
5144996130,1983-03-04 00:49:08.785147,3796682843,701
6840990519,1992-05-21 00:58:31.216787,1022059890,154
8457080501,2018-01-17 07:51:08.112626,5053959778,488
627556135,2019-10-20 06:18:16.067875,5334292323,248
9794928575,1979-10-12 06:55:07.314175,8339317258,928
4551204318,2013-09-18 12:27:29.623621,5033274509,922
9902891864,1976-01-28 00:16:10.329436,1974898459,414
7802516863,2004-01-01 19:36:40.051999,9007192233,816
6123059939,1999-12-27 11:22:08.247435,9610383041,457
3116528004,1996-01-17 13:18:58.355883,8675694625,787
3766846279,1985-02-26 17:57:39.742438,8355926468,298
2086341920,2003-07-13 14:36:10.496965,6363119116,74
3119360177,1996-05-05 17:38:21.907251,7959119863,854
6980460115,1990-11-29 05:52:41.323251,2932993568,371
9551380883,1972-09-05 03:52:30.016584,8575664343,349
5554518037,2022-10-03 22:36:24.329017,4303134140,568
2572656468,1977-05-26 06:13:50.911232,1317842963,300
8918434890,2021-12-15 03:01:53.521193,1453386748,683
731304873,1982-01-07 04:48:09.811521,2586464478,116
1323892721,1993-08-04 10:37:32.721604,8441424765,555
279423961,1998-04-20 16:06:18.384140,3870134501,930
4514408229,2016-12-23 20:28:54.026783,307362051,932
5744780807,2006-07-09 00:24:54.299116,7409001763,814
7578263912,1999-02-19 04:24:23.688871,5142067680,110
2936973923,1994-10-17 11:17:15.854063,7981670074,510
9437142206,2011-05-20 13:03:54.877535,4576652006,854
2143251092,2015-03-16 23:13:46.918150,1632403213,379
295403607,1971-05-29 18:23:44.302833,3367298111,152
8299732012,1997-10-10 08:12:41.857300,420976879,351
7609902137,2024-03-31 11:52:49.141949,6052767727,74
9949859046,2007-02-21 18:53:13.380923,1149278378,581
4759256329,1986-12-23 08:53:47.424576,6718948693,677
4990476799,2001-01-30 20:56:19.228953,8431678340,223
3787232425,1983-03-23 02:45:59.182114,4856509024,588
5650456566,2013-12-04 01:15:31.860719,4247752771,680
9720382192,2001-02-06 00:27:37.407035,4504224549,208
3734403859,1986-06-14 21:26:19.728746,2453809009,18
8554777288,2017-04-18 05:49:00.602217,7898723304,195
1671802780,1976-11-06 23:19:55.490717,5395316530,928
3428245267,1995-04-16 11:48:49.262419,599476120,751
9110282720,1998-12-11 07:42:53.328131,7701577929,83
4937029188,1979-06-06 07:24:47.939620,1373654061,342
4095296569,1986-03-15 20:26:06.419822,599476120,187
2126444877,1971-02-27 01:51:22.689308,9259473957,831
5200091755,2021-08-02 17:46:38.627931,1731396000,691
2499267004,1976-10-19 21:10:49.807979,2533742512,485
8138337246,1997-09-05 03:59:23.216335,3528707134,679
5758009,1994-08-17 04:51:31.718890,1953749356,804
4894610803,2022-11-05 16:40:28.471584,9495423136,410
9684480267,1987-11-29 03:34:52.764461,420976879,291
7809840590,2007-06-08 15:50:19.714954,4247752771,377
3021170337,1996-07-07 05:12:34.826379,6631111282,117
4555659917,1976-10-09 18:55:40.742233,2472567280,50
6524928058,2019-08-28 09:39:51.806303,1539765904,241
1567944229,2018-06-07 12:43:11.259526,9733022341,997
8831896340,1995-03-27 14:45:39.915493,2659306570,444
971834191,2019-10-31 09:18:59.451679,3670617608,74
3594020764,1986-09-13 11:47:19.965788,7260468339,987
2393405362,2017-04-23 09:42:02.831087,8849033613,527
9406620671,1994-03-06 09:02:21.827460,3572987255,218
6347894252,1971-09-30 12:52:49.248957,3527662228,432
8143552749,1988-07-21 02:28:03.641188,1103504756,402
8093680884,1971-07-26 20:57:06.855399,7130423405,767
959029375,1992-01-29 14:22:25.492206,2690093283,469
2657140368,1998-03-10 20:52:45.112804,226201966,710
8043348012,1970-06-22 22:28:51.095769,9218050889,646
4974388417,2018-07-20 12:22:02.480754,7959119863,275
3792240474,2024-02-14 14:59:34.896173,7427108101,583
2664807315,2000-02-07 03:47:43.202768,769673554,80
656432161,1981-11-07 04:08:17.848882,1194674684,583
5528679381,1988-06-28 19:17:27.170214,8655052742,634
9080632237,2023-08-10 16:01:46.301158,7942162454,690
2328897801,2010-11-28 19:31:37.291611,8228491870,196
1311266863,2021-03-23 11:19:13.177837,6024725411,751
9488493427,2005-08-03 09:43:36.261631,8305776995,341
1084582936,1984-12-19 18:46:49.412540,8887610507,423
2737692148,1981-03-01 08:13:44.827206,2725888429,389
2762607669,1975-05-03 12:29:09.311230,8809159237,5
278295068,1991-10-19 21:56:41.517792,1853894597,947
6878917068,2020-10-07 19:17:56.936491,8148717806,133
1285400528,1998-07-23 01:16:17.361489,6128417343,407
8768135636,2012-04-09 21:04:00.722667,7767847047,903
5847392727,2001-06-24 11:33:07.975552,2283500050,70
686814296,1988-01-04 15:46:14.590573,9361713846,974
2979307194,1985-09-09 09:54:04.015788,599476120,571
975453413,1997-03-08 00:07:29.229053,8860062073,500
7153210654,1995-10-16 16:23:30.679595,6643107927,801
3443184292,2020-11-19 00:04:15.082522,6753189928,133
4820031681,1999-07-18 03:01:43.031125,5937814148,152
6542414188,1973-08-13 18:09:34.298702,8971875335,317
310234826,2024-09-05 14:50:11.510529,673422659,217
7076128546,2012-02-10 07:21:41.551217,6745412724,75
1166332131,2003-02-13 09:16:59.181801,3705372745,274
1235204018,2008-05-18 01:44:54.973006,1586584701,256
7593603304,1988-11-01 00:52:13.633475,1336447635,723
7326434582,1972-02-22 16:17:39.022044,4297134300,450
8616199906,1991-01-05 22:20:22.550608,4680944,192
9154061366,2018-11-18 14:45:45.167464,7535169077,485
162476695,1971-05-29 13:11:09.054573,1034028418,477
2287340305,2008-04-15 22:20:11.795080,9594832065,405
1908642622,1973-11-23 13:08:49.366663,3870134501,207
2744639763,1997-11-01 00:37:29.500309,3355618,611
7850236218,2017-06-28 14:11:44.566676,8148717806,723
571409416,1984-02-21 10:47:28.409299,2495525582,479
7029233310,2010-09-16 09:53:28.582799,1385973258,815
3032464803,2022-06-26 14:11:47.603923,4770250347,139
6047762979,1989-07-26 06:11:03.183221,3298896205,997
716725020,2014-06-14 13:37:07.418004,4846586554,486
537685989,1983-07-20 09:44:58.664102,7302452555,712
57998853,1970-08-26 07:03:00.057308,6070483192,548
9519573314,2012-06-23 04:10:03.048506,9754823118,947
7413239958,2025-02-27 15:02:00.985909,3845601623,168
1100748655,1987-06-13 20:25:47.990580,2524160259,349
3187287866,1986-08-15 09:31:46.673439,6327615144,914
9244918588,1971-07-22 08:04:32.547488,2444753799,916
2916175671,1974-10-02 04:52:06.904003,3367298111,487
7045944263,2013-08-29 18:26:55.441899,7971070912,401
4459597161,2014-03-08 22:36:41.159575,4578944297,176
3796020941,1977-08-01 15:32:45.944389,9321066164,640
6625356748,2011-09-21 08:34:29.418852,8661211988,9
931764562,1970-05-15 16:00:52.500038,4770960567,564
8002880709,1970-10-11 06:40:44.090106,7860037754,172
6946227535,2000-07-30 18:24:37.175545,590817384,87
2108638244,2020-02-21 21:24:35.803731,5497629437,29
5410287202,1980-02-12 17:02:04.575502,922353122,545
748290886,2010-08-19 17:27:43.723766,3355618,739
5235183578,2015-02-19 06:00:16.691808,2704464446,69
6855744211,1971-03-22 19:24:42.843164,2172123220,30
2251564857,2004-11-10 01:35:29.238100,3655504925,380
2472150516,1982-01-18 18:31:15.876197,8491123648,643
3504543851,1988-02-28 04:16:39.258320,5944874957,891
5126458677,2023-10-27 10:32:17.764118,1022059890,527
7425578450,2002-05-03 19:55:20.997641,6111356498,930
8290850698,2006-07-29 09:01:32.869921,4770250347,504
5611100937,2020-09-07 02:07:30.815228,9986023713,444
1164376066,1985-06-05 11:26:07.659353,2402545073,438
7608982107,1985-12-09 06:15:31.586001,3058226048,187
2428020228,1986-06-26 22:01:27.007670,2027315413,764
4266611775,2013-03-25 01:03:07.192019,240524273,389
1975717754,2020-03-29 04:54:20.084120,1731396000,838
4994846992,2007-08-07 15:22:54.805113,2025654249,551
3250367545,1976-08-08 19:41:06.366354,9743373208,957
8019899009,1982-08-04 03:39:18.394198,5788236263,165
3756628593,1975-03-20 13:08:02.915426,9743373208,444
4911739381,2003-08-16 23:52:06.011839,3503498301,154
101998550,2000-01-29 19:24:12.791528,7339370922,317
7297674463,1995-03-08 01:04:12.250126,5422553419,328
3586795046,1976-11-11 22:26:48.592317,7074089182,223
613962113,1974-01-14 15:03:15.890937,4852297487,356
1985123861,2002-05-09 15:28:16.697999,25857899,764
6103688188,2015-05-16 01:28:49.738007,8431678340,377
1971457117,2017-04-29 06:11:03.879791,725633582,509
5723953352,2024-06-02 15:32:10.847290,2593243596,151
3841490596,1973-11-18 04:33:12.624762,9321066164,217
2946132207,1995-12-11 21:47:25.135634,1001005647,92
4610582422,2003-11-29 16:44:16.604299,1385973258,994
7355798456,2007-07-26 23:44:53.373543,7146365018,220
7556962729,2005-01-21 08:14:24.708277,5993662033,237
7620397307,1980-06-09 09:35:44.926757,8352041037,626
8406032918,2005-05-24 10:53:04.005317,1001005647,233
6649579472,2024-05-25 08:44:42.842529,3503498301,917
7486246857,1970-06-11 17:57:14.396443,8441424765,809
3273385963,1991-05-18 12:32:33.335539,9621432053,850
4969602526,2014-03-01 04:08:34.345692,5678931833,626
5478115752,1970-01-03 08:09:45.768672,8444100321,365
5997591960,1991-06-22 15:49:07.803664,8406307926,487
1948373079,1976-10-05 11:46:34.035407,3863599512,564
6941762265,1999-10-02 21:15:01.547484,6356857361,201
86249126,2010-09-19 21:31:53.622856,5142067680,678
4676680132,1983-06-08 07:35:20.280732,7134785229,495
4519940676,2013-11-24 07:35:48.956804,3622587974,590
4298213931,1982-12-09 20:43:58.223062,2762806004,7
8416919789,1980-03-29 07:37:58.815423,6327615144,729
6027410371,2019-08-19 04:50:00.568326,7959119863,382
9746409238,2023-11-29 20:23:24.910115,3759109722,591
2350454241,2008-12-11 03:46:03.217995,3414206974,380
2174295745,2014-06-14 07:41:33.336197,6507053762,624
4162184395,1991-07-08 19:14:53.683438,4871905638,208
8412371429,2012-08-03 08:18:01.131096,3582288988,634
498546698,2001-10-20 07:37:37.121156,5867344808,891
6207177235,2003-06-20 04:28:09.535444,3318338919,332
2429680559,2003-07-26 06:06:20.934059,3522059010,148
569397683,1994-01-15 17:48:24.349226,8536725160,42
3914561322,1988-03-30 19:23:04.809994,4751443265,847
9860331723,2012-04-10 23:31:30.486988,4504224549,238
4599093757,1987-07-12 17:05:19.114368,5334791506,140
645312961,1996-08-17 04:45:49.046852,8681209032,178
1309281683,2011-04-05 14:06:44.507509,4850686932,611
9517414693,1973-10-04 21:56:44.821396,494270437,636
6479294795,2014-09-10 12:48:37.121894,7993285098,440
633659086,2024-03-17 20:58:23.048813,5979521291,559
3196786994,2009-03-19 02:25:49.936870,4196460990,823
7330926104,1989-02-28 21:26:28.074310,8900809958,888
1489689041,1979-10-18 21:11:28.105481,8849033613,333
8525782854,2020-09-10 18:34:35.993523,1103504756,977
6266489355,1986-07-19 06:01:22.788004,756841668,689
8981477861,1990-06-15 03:02:28.199623,2772851259,326
4662983764,1996-02-17 07:39:48.154718,4390145912,680
9520256414,2007-10-24 13:32:39.150502,8140240019,290
1849221994,2000-12-31 00:49:58.432405,3468301172,92
3402472596,1995-10-22 23:58:48.473465,839832622,2
1296721694,1970-08-27 09:54:51.525669,7563950642,126
8502826539,1976-04-17 02:07:57.073104,5694639506,29
6770628327,2008-08-30 14:42:58.171127,965628108,180
1531551420,2012-07-27 21:43:23.315810,1974898459,350
9690894872,2009-08-12 22:34:50.733887,5574239131,328
517787594,1992-08-12 11:56:05.170836,6024725411,183
866339791,2016-11-13 04:23:22.034955,2179732755,1000
3816002783,2023-09-15 13:31:21.793761,6713530898,504
2830591098,2024-09-03 00:21:51.596020,8887610507,200
3699264982,2016-05-06 07:46:20.555080,2586464478,44
2850875811,2021-06-21 17:36:06.141472,8444051225,142
9767581600,2021-12-26 22:09:46.813551,9261200521,953
6798085838,1974-09-13 04:54:38.726873,5975127478,780
9868657368,1996-01-06 00:25:36.042407,2472567280,2
5773382302,2011-01-18 01:15:38.783838,8993462279,87
4669385409,2024-07-27 00:04:55.675376,7360102960,135
34453456,2023-04-18 05:51:33.592776,7660181109,478
7665005752,2016-03-17 11:04:22.031914,8824081966,475
3926148803,1983-08-04 11:06:49.685674,7535169077,928
2919956470,1983-05-08 07:30:43.013821,4850686932,705
4020088288,2024-03-27 12:16:00.976904,9495423136,747
7548839880,1990-09-14 11:07:24.108299,8686687436,480
1284958917,1992-09-27 13:11:52.425459,7579851700,110
27285781,2010-11-21 19:11:35.391730,1194674684,290
3417626917,2006-03-26 13:03:03.644070,4504224549,285
4231875082,2010-11-09 15:51:32.584600,9321066164,992
5886907460,2013-09-19 11:21:17.760648,4575969903,308
1442422481,1996-02-17 20:52:53.483176,9591225756,137
4438394121,1975-01-06 02:21:42.279601,9216095149,508
6230454773,1983-03-18 21:26:09.718357,4925400787,475
446055720,2018-03-18 05:03:19.981780,2659306570,410
9336078593,2013-11-25 12:16:57.704354,2231066056,765
8496763107,2015-01-15 17:40:32.684866,5643669072,399
2436847559,1990-01-03 08:18:45.872357,433668956,890
9027169367,1988-02-21 23:29:03.424532,4434163009,75
5047520263,1981-06-04 21:32:07.046854,4617438335,168
4767035108,2004-04-03 14:05:44.984829,8809683792,564
5722810682,2002-08-08 01:15:40.720369,3344909600,355
6529035226,2007-08-17 17:09:13.762157,7516719200,686
9354036590,2020-10-13 06:32:59.797910,2874661570,934
6721097786,2024-06-07 00:51:53.119028,2725888429,778
4811530766,2014-11-24 10:02:41.234732,7339370922,345
6173816030,2012-08-16 19:04:08.694755,4266553331,838
3952933171,1970-08-27 14:33:13.456032,246725286,630
4897313483,1989-05-13 06:14:12.031454,3759109722,508
1692222465,1998-12-16 07:56:47.766353,3572701453,634
6818938353,1991-11-22 08:00:03.867455,3572987255,479
619547838,2024-01-15 00:00:30.247581,3539603306,623
1579614062,2023-07-24 21:09:13.500307,884966574,853
4049760973,2002-03-31 08:34:52.115224,6652230405,980
7066713333,1974-04-15 02:50:08.222057,9942135376,689
8771438881,2012-08-31 06:10:29.638632,7847109,894
2542446838,2000-01-12 18:56:58.785180,6645854967,146
9431551865,1999-04-30 17:52:20.667593,1066760373,751
8162763287,1975-01-20 18:10:27.576718,129093396,626
264536975,1985-02-16 14:46:10.069094,5694639506,561
2371384718,1993-04-15 13:19:10.509488,6640674270,550
947384413,2021-09-09 20:30:09.602990,3572701453,458
3557650891,1997-08-25 17:03:18.400838,1632403213,312
6552425722,1996-03-16 07:55:39.738986,7014729589,382
5494964909,1980-09-15 01:51:08.151506,9944479485,961
5273722371,2024-02-13 13:09:51.589760,3235355176,414
2479684393,1979-01-27 17:49:53.904704,9591225756,704
2893543002,1987-02-10 03:30:40.623922,526051878,614
3520531029,1971-12-15 05:26:14.672069,4300976908,507
9663963419,1991-09-04 02:20:23.016429,1803411482,583
2869838683,2018-10-24 12:14:05.769483,7370618027,690
6448996525,1980-12-24 09:52:32.105242,6140303884,503
842836225,1985-04-25 22:42:49.538755,4401260964,1
4598643273,2022-03-26 03:26:02.640835,8444051225,995
5557330766,2004-05-24 00:42:29.539091,6253434606,937
6078139850,2008-06-09 22:25:04.030551,5244279602,693
9452603469,1998-07-18 01:42:29.858782,8681209032,686
2986501843,1994-03-17 15:27:16.558073,7840447698,780
